ticker,source_etf,country_code,region,section,weight,shares,price,shares_corrected,market_cap_corrected
NVDA,WLS,UW,,Information Technology,4.330869,23444.971,192.57,23444971.0,4514798065.47
MSFT,WLS,UW,,Information Technology,3.723246,7429.881,522.4,7429881.0,3881369834.3999996
AAPL,WLS,UW,,Information Technology,3.562665,14619.625,254.04,14619625.0,3713969535.0
AVGO,WLS,UW,,Information Technology,1.52652,4612.342,345.02,4612342.0,1591350236.84
2330,WLS,TT,,Information Technology,0.83725,18536.26,1440.0,18536260.0,26692214400.0
005930,WLS,KP,,Information Technology,0.310085,4866.415,94400.0,4866415.0,459389576000.0
000660,WLS,KP,,Information Technology,0.140701,487.029,428000.0,487029.0,208448412000.0
6857,WLS,JT,,Information Technology,0.081749,729.074,17835.0,729074.0,13003034790.0
8035,WLS,JT,,Information Technology,0.081426,442.336,29280.0,442336.0,12951598080.0
2317,WLS,TT,,Information Technology,0.079691,11470.093,221.5,11470093.0,2540625599.5
6861,WLS,JT,,Information Technology,0.071005,186.864,60440.0,186864.0,11294060160.0
2454,WLS,TT,,Information Technology,0.058879,1395.629,1345.0,1395629.0,1877121005.0
2308,WLS,TT,,Information Technology,0.056456,1801.667,999.0,1801667.0,1799865333.0
INFO,WLS,IS,,Information Technology,0.050189,3064.034,1514.9,3064034.0,4641705106.6
6702,WLS,JT,,Information Technology,0.04222,1741.586,3856.0,1741586.0,6715555616.0
005935,WLS,KP,,Information Technology,0.040978,815.975,74400.0,815975.0,60708540000.0
6701,WLS,JT,,Information Technology,0.039634,1310.898,4809.0,1310898.0,6304108482.0
6981,WLS,JT,,Information Technology,0.031932,1787.142,2842.0,1787142.0,5079057564.0
6146,WLS,JT,,Information Technology,0.030092,89.149,53690.0,89149.0,4786409810.0
TCS,WLS,IS,,Information Technology,0.027679,845.309,3028.3,845309.0,2559849244.7000003
6762,WLS,JT,,Information Technology,0.026319,1892.946,2211.5,1892946.0,4186250079.0
4901,WLS,JT,,Information Technology,0.026034,1169.439,3541.0,1169439.0,4140983499.0
7751,WLS,JT,,Information Technology,0.024571,883.826,4422.0,883826.0,3908278572.0
4307,WLS,JT,,Information Technology,0.018843,524.448,5715.0,524448.0,2997220320.0
6723,WLS,JT,,Information Technology,0.018348,1624.475,1796.5,1624475.0,2918369337.5
HLMA,WLS,LN,,Information Technology,0.01718,378.63,3562.0,378630.0,1348680060.0
6971,WLS,JT,,Information Technology,0.016773,1339.345,1992.0,1339345.0,2667975240.0
SGE,WLS,LN,,Information Technology,0.014076,962.531,1148.0,962531.0,1104985588.0
HCLT,WLS,IS,,Information Technology,0.014035,867.96,1495.5,867960.0,1298034180.0
285A,WLS,JT,,Information Technology,0.011444,295.492,6160.0,295492.0,1820230720.0
6920,WLS,JT,,Information Technology,0.010006,78.694,20225.0,78694.0,1591586150.0
4684,WLS,JT,,Information Technology,0.009823,309.407,5050.0,309407.0,1562505350.0
NICE,WLS,IT,,Information Technology,0.008526,63.25,45770.0,63250.0,2894952500.0
006400,WLS,KP,,Information Technology,0.008113,58.063,207000.0,58063.0,12019041000.0
4062,WLS,JT,,Information Technology,0.007725,123.496,9950.0,123496.0,1228785200.0
7735,WLS,JT,,Information Technology,0.007519,86.51,13825.0,86510.0,1196000750.0
TSEM,WLS,IT,,Information Technology,0.007468,103.24,24560.0,103240.0,2535574400.0
6841,WLS,JT,,Information Technology,0.006915,245.689,4477.0,245689.0,1099949653.0
009150,WLS,KP,,Information Technology,0.0067,47.151,210500.0,47151.0,9925285500.0
3626,WLS,JT,,Information Technology,0.006441,210.361,4870.0,210361.0,1024458070.0
018260,WLS,KP,,Information Technology,0.003676,32.126,169500.0,32125.999999999996,5445356999.999999
042700,WLS,KP,,Information Technology,0.003233,40.216,119100.0,40216.0,4789725600.0
034220,WLS,KP,,Information Technology,0.002755,261.309,15620.0,261309.00000000003,4081646580.0000005
007660,WLS,KP,,Information Technology,0.002293,44.7,76000.0,44700.0,3397200000.0
058470,WLS,KQ,,Information Technology,0.00166,45.806,53700.0,45806.0,2459782200.0
011070,WLS,KP,,Information Technology,0.001549,11.962,191800.0,11962.0,2294311600.0
039030,WLS,KQ,,Information Technology,0.001406,8.106,257000.0,8106.0,2083242000.0
240810,WLS,KQ,,Information Technology,0.001249,32.472,57000.0,32472.0,1850904000.0
108490,WLS,KQ,,Information Technology,0.001237,9.577764,191300.0,9577.764000000001,1832226253.2000003
064400,WLS,KP,,Information Technology,0.001203,26.883,66300.0,26883.0,1782342900.0
089030,WLS,KQ,,Information Technology,0.001134,27.181,61800.0,27181.0,1679785800.0
000990,WLS,KP,,Information Technology,0.001092,27.409,59000.0,27409.0,1617131000.0
489790,WLS,KP,,Information Technology,0.001072,28.415,55900.0,28415.0,1588398500.0
403870,WLS,KQ,,Information Technology,0.001027,41.635,36550.0,41635.0,1521759250.0
082270,WLS,KQ,,Information Technology,0.000927,29.63,46350.0,29630.0,1373350500.0
DTC,WLS,SJ,,Information Technology,0.000846,219.448,6924.0,219448.0,1519457952.0
067310,WLS,KQ,,Information Technology,0.000811,49.361,24350.0,49361.0,1201940350.0
140860,WLS,KQ,,Information Technology,0.000788,4.382,266500.0,4382.0,1167803000.0
084370,WLS,KQ,,Information Technology,0.000764,14.221,79600.0,14221.0,1131991600.0
012510,WLS,KP,,Information Technology,0.000756,11.861,94400.0,11861.0,1119678400.0
353200,WLS,KP,,Information Technology,0.000717,29.996,35400.0,29996.0,1061858400.0
222800,WLS,KQ,,Information Technology,0.000712,19.852,53100.0,19852.0,1054141200.0
MTDL,WLS,IJ,,Information Technology,0.000179,5129.645,605.0,5129645.0,3103435225.0
CYBR,WLS,IJ,,Information Technology,0.000103,1538.951,1160.0,1538951.0,1785183160.0
HSBA,WLS,LN,,Financials,0.222375,17404.426,1003.0,17404426.0,17456639278.0
HDFCB,WLS,IS,,Financials,0.145202,13690.434,980.9,13690434.0,13428946710.6
8306,WLS,JT,,Financials,0.144038,10026.556,2285.0,10026556.0,22910680460.0
ICICIBC,WLS,IS,,Financials,0.097417,6527.229,1380.3,6527229.0,9009534188.699999
8316,WLS,JT,,Financials,0.092646,3692.384,3991.0,3692384.0,14736304544.0
8766,WLS,JT,,Financials,0.071187,1789.359,6328.0,1789359.0,11323063752.0
8411,WLS,JT,,Financials,0.069972,2340.146,4756.0,2340146.0,11129734376.0
BARC,WLS,LN,,Financials,0.067752,14117.071,376.75,14117071.0,5318606499.25
LLOY,WLS,LN,,Financials,0.063859,59835.5,83.78,59835500.0,5013018190.0
LSEG,WLS,LN,,Financials,0.056089,496.285,8872.0,496285.0,4403040520.0
NWG,WLS,LN,,Financials,0.056085,8096.191,543.8,8096191.0,4402708665.799999
III,WLS,LN,,Financials,0.053595,956.201,4400.0,956201.0,4207284400.0
STAN,WLS,LN,,Financials,0.043076,2313.72,1461.5,2313720.0,3381501780.0
AXSB,WLS,IS,,Financials,0.03364,2635.685,1180.4,2635685.0,3111162574.0000005
PRU,WLS,LN,,Financials,0.033545,2575.397,1022.5,2575397.0,2633343432.5
SBIN,WLS,IS,,Financials,0.031777,3337.121,880.65,3337121.0,2938835608.65
KMB,WLS,IS,,Financials,0.030435,1311.549,2146.1001,1311549.0,2814715440.0549
KFH,WLS,KK,,Financials,0.029469,12046.431,783.0,12046431.0,9432355473.0
8725,WLS,JT,,Financials,0.02836,1338.942,3369.0,1338942.0,4510895598.0
BAF,WLS,IS,,Financials,0.027665,2498.957,1023.85,2498957.0,2558557124.4500003
NBK,WLS,KK,,Financials,0.026802,8209.456,1045.0,8209456.0,8578881520.0
8591,WLS,JT,,Financials,0.026735,1126.762,3774.0,1126762.0,4252399788.0
8630,WLS,JT,,Financials,0.026135,862.63,4819.0,862630.0,4157013970.0
AV/,WLS,LN,,Financials,0.026079,3030.251,675.6,3030251.0,2047237575.6000001
8750,WLS,JT,,Financials,0.025449,3588.649,1128.0,3588649.0,4047996072.0
105560,WLS,KP,,Financials,0.024402,320.493,112800.0,320493.0,36151610400.0
POLI,WLS,IT,,Financials,0.023995,1241.937,6560.0,1241937.0,8147106720.0
LUMI,WLS,IT,,Financials,0.023629,1243.846,6450.0,1243846.0,8022806700.0
FSR,WLS,SJ,,Financials,0.022825,5058.991,8100.0,5058991.0,40977827100.0
BBCA,WLS,IJ,,Financials,0.022398,52346.754,7400.0,52346754.0,387365979600.0
OTP,WLS,HB,,Financials,0.021376,254.661,29540.0,254661.0,7522685940.0
8308,WLS,JT,,Financials,0.020956,2237.099,1490.0,2237099.0,3333277510.0
055550,WLS,KP,,Financials,0.020054,412.64,72000.0,412640.0,29710080000.0
7182,WLS,JT,,Financials,0.018932,1760.533,1710.5,1760533.0,3011391696.5
CPI,WLS,SJ,,Financials,0.018737,88.936,378247.0,88936.0,33639775192.0
SBK,WLS,SJ,,Financials,0.018394,1289.968,25600.0,1289968.0,33023180800.0
8604,WLS,JT,,Financials,0.018203,2731.423,1060.0,2731423.0,2895308380.0
LGEN,WLS,LN,,Financials,0.017206,5715.972,236.3,5715972.0,1350684183.6000001
8309,WLS,JT,,Financials,0.015886,612.279,4127.0,612279.0,2526875433.0
6178,WLS,JT,,Financials,0.015473,1723.538,1428.0,1723538.0,2461212264.0
BBRI,WLS,IJ,,Financials,0.015123,70121.016,3730.0,70121016.0,261551389680.0
086790,WLS,KP,,Financials,0.01437,247.556,86000.0,247556.0,21289816000.0
8473,WLS,JT,,Financials,0.012899,297.62,6894.0,297620.0,2051792280.0
DSCT,WLS,IT,,Financials,0.011726,1225.793,3248.0,1225793.0,3981375664.0
BJFIN,WLS,IS,,Financials,0.011692,539.491,2004.3,539491.0,1081301811.3
8697,WLS,JT,,Financials,0.011242,1021.767,1750.0,1021767.0,1788092250.0
8795,WLS,JT,,Financials,0.010425,470.802,3522.0,470802.0,1658164644.0
316140,WLS,KP,,Financials,0.010285,601.08,25350.0,601080.0,15237378000.0
8601,WLS,JT,,Financials,0.009854,1343.047,1167.0,1343047.0,1567335849.0
MZTF,WLS,IT,,Financials,0.009771,152.674,21730.0,152674.0,3317606020.0
PHOE,WLS,IT,,Financials,0.009311,245.058,12900.0,245058.0,3161248200.0
BMRI,WLS,IJ,,Financials,0.008979,36538.84,4250.0,36538840.0,155290070000.0
ABG,WLS,SJ,,Financials,0.008877,813.859,19582.0,813859.0,15936986938.0
SLM,WLS,SJ,,Financials,0.008868,1779.907,8945.0,1779907.0,15921268115.0
000810,WLS,KP,,Financials,0.008556,28.074,451500.0,28074.0,12675411000.0
032830,WLS,KP,,Financials,0.007406,68.579,160000.0,68579.0,10972640000.0
7186,WLS,JT,,Financials,0.007169,1034.703,1102.0,1034703.0,1140242706.0
DSY,WLS,SJ,,Financials,0.006866,580.006,21253.0,580006.0,12326867518.0
CHILE,WLS,CC,,Financials,0.006479,43248.441,148.21,43248441.0,6409851440.610001
8593,WLS,JT,,Financials,0.006435,860.87,1189.0,860870.0,1023574430.0
NED,WLS,SJ,,Financials,0.006134,464.466,23712.0,464466.0,11013417792.0
PFCIBEST,WLS,CX,,Financials,0.0059,452.122,52880.0,452122.0,23908211360.0
REM,WLS,SJ,,Financials,0.00488,497.184,17621.0,497184.0,8760879264.0
BCI,WLS,CC,,Financials,0.004678,104.942,44100.0,104942.0,4627942200.0
138040,WLS,KP,,Financials,0.004346,57.8,111400.0,57800.0,6438920000.0
BSAN,WLS,CC,,Financials,0.003989,61853.125,63.8,61853125.0,3946229375.0
BOUBYAN,WLS,KK,,Financials,0.003872,1767.884,701.0,1767884.0,1239286684.0
OUT,WLS,SJ,,Financials,0.003851,933.497,7406.0,933497.0,6913478782.0
HARL,WLS,IT,,Financials,0.003749,110.308,11540.0,110308.0,1272954320.0
005830,WLS,KP,,Financials,0.003644,40.564,133100.0,40564.0,5399068400.0
FIBI,WLS,IT,,Financials,0.003643,51.812,23870.0,51812.0,1236752440.0
CLIS,WLS,IT,,Financials,0.003508,68.186,17470.0,68186.0,1191209420.0
CIBEST,WLS,CX,,Financials,0.003447,225.723,61880.0,225723.0,13967739240.0
BBNI,WLS,IJ,,Financials,0.003408,14847.287,3970.0,14847287.0,58943729390.0
071050,WLS,KP,,Financials,0.003288,33.476,145500.0,33476.0,4870758000.0
OMU,WLS,SJ,,Financials,0.003212,4306.735,1339.0,4306735.0,5766718165.0
323410,WLS,KP,,Financials,0.002928,187.781,23100.0,187781.0,4337741100.0
024110,WLS,KP,,Financials,0.002827,220.781,18970.0,220781.0,4188215570.0
138930,WLS,KP,,Financials,0.00264,277.556,14090.0,277556.0,3910764040.0
016360,WLS,KP,,Financials,0.00249,50.323,73300.0,50323.0,3688675900.0
MTM,WLS,SJ,,Financials,0.00234,1247.278,3368.0,1247278.0,4200832304.0
175330,WLS,KP,,Financials,0.002211,145.597,22500.0,145597.0,3275932500.0
006800,WLS,KP,,Financials,0.002162,145.934,21950.0,145934.0,3203251300.0
INL,WLS,SJ,,Financials,0.001957,269.848,13020.0,269848.0,3513420960.0
039490,WLS,KP,,Financials,0.001683,9.951,250500.0,9951.0,2492725500.0
005940,WLS,KP,,Financials,0.001301,99.545,19360.0,99545.0,1927191200.0
139130,WLS,KP,,Financials,0.001251,138.259,13410.0,138259.0,1854053190.0
KST,WLS,SJ,,Financials,0.001161,844.014,2470.0,844014.0,2084714580.0
377300,WLS,KP,,Financials,0.000964,27.05,52800.0,27050.0,1428240000.0
PFGRUPSU,WLS,CX,,Financials,0.000957,109.22,35500.0,109220.0,3877310000.0
001450,WLS,KP,,Financials,0.000957,50.805,27900.0,50805.0,1417459500.0
003690,WLS,KP,,Financials,0.000937,127.691,10870.0,127691.0,1388001170.0
00680K,WLS,KP,,Financials,0.000908,137.5,9780.0,137500.0,1344750000.0
SNT,WLS,SJ,,Financials,0.000765,35.019,39217.0,35019.0,1373340123.0
CML,WLS,SJ,,Financials,0.000717,271.752,4740.0,271752.0,1288104480.0
BRIS,WLS,IJ,,Financials,0.000694,4564.437,2630.0,4564437.0,12004469310.0
NY1,WLS,SJ,,Financials,0.000664,254.606,4682.0,254606.0,1192065292.0
PFDAVVND,WLS,CX,,Financials,0.000655,105.785,25100.0,105785.0,2655203500.0
JSE,WLS,SJ,,Financials,0.000606,79.974,13600.0,79974.0,1087646400.0
GRUPOSUR,WLS,CX,,Financials,0.000562,53.416,42620.0,53416.0,2276589920.0
APIC,WLS,IJ,,Financials,0.000449,6751.209,1150.0,6751209.0,7763890350.0
BBTN,WLS,IJ,,Financials,0.000382,5580.02,1185.0,5580020.0,6612323700.0
BANK,WLS,IJ,,Financials,0.000299,6265.914,825.0,6265914.0,5169379050.0
BFIN,WLS,IJ,,Financials,0.000261,6012.235,750.0,6012235.0,4509176250.0
NISP,WLS,IJ,,Financials,0.000258,3303.349,1350.0,3303349.0,4459521150.0
BBKP,WLS,IJ,,Financials,0.000247,59413.023,72.0,59413023.0,4277737656.0
PNBN,WLS,IJ,,Financials,0.000217,3648.677,1030.0,3648677.0,3758137310.0
ARTO,WLS,IJ,,Financials,0.000212,1742.636,2100.0,1742636.0,3659535600.0
BTPS,WLS,IJ,,Financials,0.000185,2310.01,1385.0,2310010.0,3199363850.0
MAYA,WLS,IJ,,Financials,0.000147,9877.6,258.0,9877600.0,2548420800.0
PNLF,WLS,IJ,,Financials,0.000138,10293.273,232.0,10293273.0,2388039336.0
BJBR,WLS,IJ,,Financials,0.000114,2559.67,770.0,2559670.0,1970945900.0
BJTM,WLS,IJ,,Financials,9.2e-05,3074.073,520.0,3074073.0,1598517960.0
6501,WLS,JT,,Industrials,0.124178,4474.813,4414.0,4474813.0,19751824582.0
RR/,WLS,LN,,Industrials,0.12246,8443.742,1138.5,8443742.0,9613200267.0
8058,WLS,JT,,Industrials,0.081974,3645.174,3577.0,3645174.0,13038787398.0
7011,WLS,JT,,Industrials,0.081872,3225.82,4037.0,3225820.0,13022635340.0
REL,WLS,LN,,Industrials,0.078942,1832.89,3381.0,1832890.0,6197001090.0
BA/,WLS,LN,,Industrials,0.075834,3008.867,1978.5,3008867.0,5953043359.5
8001,WLS,JT,,Industrials,0.075137,1399.617,8539.0,1399617.0,11951329563.0
6098,WLS,JT,,Industrials,0.069273,1356.639,8122.0,1356639.0,11018621958.0
8031,WLS,JT,,Industrials,0.064606,2766.908,3714.0,2766908.0,10276296312.0
6503,WLS,JT,,Industrials,0.048123,1949.198,3927.0,1949198.0,7654500546.0
EXPN,WLS,LN,,Industrials,0.04156,916.94,3558.0,916940.0,3262472520.0
8002,WLS,JT,,Industrials,0.038801,1621.985,3805.0,1621985.0,6171652925.0
LT,WLS,IS,,Industrials,0.038726,946.509,3784.0,946509.0,3581590056.0
8053,WLS,JT,,Industrials,0.032405,1153.61,4468.0,1153610.0,5154329480.0
6301,WLS,JT,,Industrials,0.030482,910.497,5325.0,910497.0,4848396525.0
6367,WLS,JT,,Industrials,0.030424,275.821,17545.0,275821.0,4839279445.0
AHT,WLS,LN,,Industrials,0.02818,425.092,5204.0,425092.0,2212178768.0
5803,WLS,JT,,Industrials,0.028132,270.206,16560.0,270206.0,4474611360.0
6954,WLS,JT,,Industrials,0.027928,929.347,4780.0,929347.0,4442278660.0
9020,WLS,JT,,Industrials,0.023174,1035.1,3561.0,1035099.9999999999,3685991099.9999995
9022,WLS,JT,,Industrials,0.023052,858.29,4272.0,858290.0,3666614880.0
012450,WLS,KP,,Industrials,0.02287,32.516,1042000.0,32516.0,33881672000.0
034020,WLS,KP,,Industrials,0.019857,394.868,74500.0,394868.0,29417666000.0
6273,WLS,JT,,Industrials,0.019617,59.683,52280.0,59683.0,3120227240.0
8015,WLS,JT,,Industrials,0.018387,673.413,4343.0,673413.0,2924632659.0
7013,WLS,JT,,Industrials,0.017698,998.935,2818.0,998935.0,2814998830.0
6201,WLS,JT,,Industrials,0.017462,166.22,16710.0,166220.0,2777536200.0
6594,WLS,JT,,Industrials,0.016218,965.416,2672.0,965416.0,2579591552.0
BHE,WLS,IS,,Industrials,0.015321,3426.657,413.5,3426657.0,1416922669.5
9735,WLS,JT,,Industrials,0.013502,404.005,5316.0,404005.0,2147690580.0
ESLT,WLS,IT,,Industrials,0.013407,26.762,170100.0,26762.0,4552216200.0
6326,WLS,JT,,Industrials,0.013164,1102.647,1899.0,1102647.0,2093926653.0
RTO,WLS,LN,,Industrials,0.013148,2523.001,409.1,2523001.0,1032159709.1
402340,WLS,KP,,Industrials,0.013042,78.225,247000.0,78225.0,19321575000.0
9101,WLS,JT,,Industrials,0.012976,414.623,4978.0,414623.0,2063993294.0
INDIGO,WLS,IS,,Industrials,0.012156,196.034,5735.0,196034.0,1124254990.0
009540,WLS,KP,,Industrials,0.011643,41.565,415000.0,41565.0,17249475000.0
ADSEZ,WLS,IS,,Industrials,0.011621,762.552,1409.4,762552.0,1074740788.8
6361,WLS,JT,,Industrials,0.01161,454.943,4059.0,454943.0,1846613637.0
1812,WLS,JT,,Industrials,0.011353,405.814,4450.0,405814.0,1805872300.0
6383,WLS,JT,,Industrials,0.010226,341.128,4768.0,341128.0,1626498304.0
1801,WLS,JT,,Industrials,0.009766,148.512,10460.0,148512.0,1553435520.0
1802,WLS,JT,,Industrials,0.009668,647.337,2375.5,647337.0,1537749043.5
064350,WLS,KP,,Industrials,0.009486,63.878,220000.0,63878.0,14053160000.0
7012,WLS,JT,,Industrials,0.009402,153.803,9723.0,153803.0,1495426569.0
6504,WLS,JT,,Industrials,0.009256,141.024,10440.0,141024.0,1472290560.0
LTM,WLS,CC,,Industrials,0.009185,443022.156,20.51,443022156.0,9086384419.560001
9104,WLS,JT,,Industrials,0.009178,335.84,4347.0,335840.0,1459896480.0
010140,WLS,KP,,Industrials,0.009098,601.723,22400.0,601723.0,13478595200.0
028260,WLS,KP,,Industrials,0.009028,66.047,202500.0,66047.0,13374517500.0
267260,WLS,KP,,Industrials,0.008868,19.905,660000.0,19905.0,13137300000.0
9021,WLS,JT,,Industrials,0.008274,423.579,3107.0,423579.0,1316059953.0
9201,WLS,JT,,Industrials,0.007716,423.207,2900.0,423207.0,1227300300.0
9202,WLS,JT,,Industrials,0.007695,438.069,2794.0,438069.0,1223964786.0
9024,WLS,JT,,Industrials,0.007611,214.38,5647.0,214380.0,1210603860.0
6532,WLS,JT,,Industrials,0.007254,134.86,8556.0,134860.0,1153862160.0
6586,WLS,JT,,Industrials,0.007033,238.01,4700.0,238010.0,1118647000.0
042660,WLS,KP,,Industrials,0.006943,94.11,109300.0,94110.0,10286223000.0
6479,WLS,JT,,Industrials,0.006899,373.889,2935.0,373889.0,1097364215.0
4204,WLS,JT,,Industrials,0.006585,379.001,2763.5,379001.0,1047369263.5
6506,WLS,JT,,Industrials,0.006509,253.435,4085.0,253435.0,1035281975.0
7912,WLS,JT,,Industrials,0.006453,404.264,2539.0,404264.0,1026426296.0
373220,WLS,KP,,Industrials,0.006399,26.372,359500.0,26372.0,9480734000.0
ASII,WLS,IJ,,Industrials,0.005842,17125.824,5900.0,17125824.0,101042361600.0
329180,WLS,KP,,Industrials,0.005621,16.169,515000.0,16169.0,8327035000.0
011200,WLS,KP,,Industrials,0.005219,389.107,19870.0,389107.0,7731556090.0
003550,WLS,KP,,Industrials,0.004591,95.388,71300.0,95388.0,6801164400.0
034730,WLS,KP,,Industrials,0.004574,30.94,219000.0,30940.0,6775860000.0
047810,WLS,KP,,Industrials,0.004482,62.055,107000.0,62055.0,6639885000.0
298040,WLS,KP,,Industrials,0.004198,4.152,1498000.0,4152.0,6219696000.0
BVT,WLS,SJ,,Industrials,0.004162,335.798,22250.0,335798.0,7471505500.0
247540,WLS,KQ,,Industrials,0.003691,48.69,112300.0,48690.0,5467887000.0
003490,WLS,KP,,Industrials,0.003497,229.232,22600.0,229232.0,5180643200.0
086280,WLS,KP,,Industrials,0.003285,29.713,163800.0,29713.0,4866989400.0
086520,WLS,KQ,,Industrials,0.003211,102.201,46550.0,102201.0,4757456550.0
079550,WLS,KP,,Industrials,0.003159,9.749,480000.0,9749.0,4679520000.0
003670,WLS,KP,,Industrials,0.002956,29.935719,146300.0,29935.718999999997,4379595689.7
028050,WLS,KP,,Industrials,0.002719,145.44,27700.0,145440.0,4028688000.0
000150,WLS,KP,,Industrials,0.002708,6.742,595000.0,6742.0,4011490000.0
010620,WLS,KP,,Industrials,0.002512,18.467,201500.0,18467.0,3721100500.0
010120,WLS,KP,,Industrials,0.002481,12.169,302000.0,12169.0,3675038000.0
000720,WLS,KP,,Industrials,0.002251,59.346,56200.0,59346.0,3335245200.0
272210,WLS,KP,,Industrials,0.002192,56.085,57900.0,56085.0,3247321500.0
078930,WLS,KP,,Industrials,0.002082,68.473,45050.0,68473.0,3084708650.0
006260,WLS,KP,,Industrials,0.00198,17.066,171900.0,17066.0,2933645400.0
277810,WLS,KQ,,Industrials,0.001602,7.202,329500.0,7202.0,2373059000.0
241560,WLS,KP,,Industrials,0.001585,41.125,57100.0,41125.0,2348237500.0
443060,WLS,KP,,Industrials,0.001576,10.397,224500.0,10397.0,2334126500.0
082740,WLS,KP,,Industrials,0.00139,43.266,47600.0,43266.0,2059461600.0
000880,WLS,KP,,Industrials,0.001327,23.408,84000.0,23408.0,1966272000.0
QUINENC,WLS,CC,,Industrials,0.001176,274.278,4240.0,274278.0,1162938720.0
BAW,WLS,SJ,,Industrials,0.001161,174.718,11933.0,174718.0,2084909894.0
066970,WLS,KP,,Industrials,0.001158,24.029,71400.0,24029.0,1715670600.0
047050,WLS,KP,,Industrials,0.001143,35.39,47850.0,35390.0,1693411500.0
450080,WLS,KP,,Industrials,0.001099,35.228,46200.0,35228.0,1627533600.0
001440,WLS,KP,,Industrials,0.001079,97.028,16480.0,97028.0,1599021440.0
071970,WLS,KP,,Industrials,0.001052,18.271,85300.0,18271.0,1558516300.0
042670,WLS,KP,,Industrials,0.001043,100.979,15300.0,100979.0,1544978700.0
017800,WLS,KP,,Industrials,0.001029,18.608,81900.0,18608.0,1523995200.0
001040,WLS,KP,,Industrials,0.000986,8.394,174100.0,8394.0,1461395400.0
454910,WLS,KP,,Industrials,0.000964,20.318,70300.0,20318.0,1428355400.0
012750,WLS,KP,,Industrials,0.000933,17.47,79100.0,17470.0,1381877000.0
052690,WLS,KP,,Industrials,0.000885,14.641,89600.0,14641.0,1311833600.0
336260,WLS,KP,,Industrials,0.000829,37.564,32700.0,37564.0,1228342800.0
000155,WLS,KP,,Industrials,0.000825,3.243,377000.0,3243.0,1222611000.0
062040,WLS,KP,,Industrials,0.000793,10.534,111500.0,10534.0,1174541000.0
006360,WLS,KP,,Industrials,0.000751,59.196,18800.0,59196.0,1112884800.0
375500,WLS,KP,,Industrials,0.00069,24.516,41700.0,24516.0,1022317200.0
SSIA,WLS,IJ,,Industrials,0.000508,4207.542,2090.0,4207542.0,8793762780.0
JSMR,WLS,IJ,,Industrials,0.000475,2173.324,3780.0,2173324.0,8215164720.0
TCPI,WLS,IJ,,Industrials,0.000373,1000.0,6450.0,1000000.0,6450000000.0
BIPI,WLS,IJ,,Industrials,0.000168,28419.441,102.0,28419441.0,2898782982.0
GIAA,WLS,IJ,,Industrials,0.000164,24719.451,115.0,24719451.0,2842736865.0
SMDR,WLS,IJ,,Industrials,0.000121,6741.316,310.0,6741316.0,2089807960.0
ALII,WLS,IJ,,Industrials,0.0001,3179.978,545.0,3179978.0,1733088010.0
SGER,WLS,IJ,,Industrials,7.8e-05,3995.566,338.0,3995566.0,1350501308.0
TMAS,WLS,IJ,,Industrials,6.4e-05,8467.093,131.0,8467093.0,1109189183.0
BIRD,WLS,IJ,,Industrials,6.2e-05,576.141,1850.0,576141.0,1065860850.0
AMZN,WLS,UW,,Consumer Discretionary,2.092753,9579.483,227.74,9579483.0,2181631458.42
TSLA,WLS,UW,,Consumer Discretionary,1.174366,2810.858,435.54,2810858.0,1224241093.3200002
9988,WLS,HK,,Consumer Discretionary,0.3514,17235.16,165.4,17235160.0,2850695464.0
7203,WLS,JT,,Consumer Discretionary,0.186943,10258.834,2898.5,10258834.0,29735230349.0
6758,WLS,JT,,Consumer Discretionary,0.168095,5993.536,4461.0,5993536.0,26737164096.0
9983,WLS,JT,,Consumer Discretionary,0.057203,176.674,51500.0,176674.0,9098711000.0
CPG,WLS,LN,,Consumer Discretionary,0.055797,1696.392,2582.0,1696392.0,4380084144.0
NPN,WLS,SJ,,Consumer Discretionary,0.053874,782.885,123545.0,782885.0,96721527325.0
FLTR,WLS,LN,,Consumer Discretionary,0.041919,176.396,18655.0,176396.0,3290667380.0
7267,WLS,JT,,Consumer Discretionary,0.037867,3870.916,1556.0,3870916.0,6023145296.0
MM,WLS,IS,,Consumer Discretionary,0.032269,863.801,3454.8999,863801.0,2984345988.5199
6752,WLS,JT,,Consumer Discretionary,0.026764,2276.526,1870.0,2276526.0,4257103620.0
ETERNAL,WLS,IS,,Consumer Discretionary,0.026617,7067.572,348.3,7067572.0,2461635327.6
7269,WLS,JT,,Consumer Discretionary,0.024844,1766.492,2237.0,1766492.0,3951642604.0
6902,WLS,JT,,Consumer Discretionary,0.024456,1770.158,2197.5,1770158.0,3889922205.0
5108,WLS,JT,,Consumer Discretionary,0.023473,547.127,6824.0,547127.0,3733594648.0
4661,WLS,JT,,Consumer Discretionary,0.023428,1043.554,3571.0,1043554.0000000001,3726531334.0000005
5802,WLS,JT,,Consumer Discretionary,0.021465,752.869,4535.0,752869.0,3414260915.0
MSIL,WLS,IS,,Consumer Discretionary,0.020338,115.646,16265.0,115646.0,1880982190.0
NXT,WLS,LN,,Consumer Discretionary,0.019427,121.227,12580.0,121227.0,1525035660.0
7832,WLS,JT,,Consumer Discretionary,0.017197,567.396,4821.0,567396.0,2735416116.0
005380,WLS,KP,,Consumer Discretionary,0.01703,116.27,217000.0,116270.0,25230590000.0
IHG,WLS,LN,,Consumer Discretionary,0.017002,145.83,9152.0,145830.0,1334636160.0
7936,WLS,JT,,Consumer Discretionary,0.016703,698.223,3805.0,698223.0,2656738515.0
000270,WLS,KP,,Consumer Discretionary,0.014282,210.329,100600.0,210329.0,21159097400.0
TTMT,WLS,IS,,Consumer Discretionary,0.013781,1877.264,678.95,1877264.0,1274568392.8000002
TTAN,WLS,IS,,Consumer Discretionary,0.013551,354.835,3531.8999,354835.0,1253241701.0165
FALAB,WLS,CC,,Consumer Discretionary,0.013074,2313.834,5590.0,2313834.0,12934332060.0
1928,WLS,JT,,Consumer Discretionary,0.012008,591.351,3230.0,591351.0,1910063730.0
7532,WLS,JT,,Consumer Discretionary,0.011289,1912.02,939.1,1912020.0,1795577982.0
7270,WLS,JT,,Consumer Discretionary,0.011023,573.541,3057.0,573541.0,1753314837.0
012330,WLS,KP,,Consumer Discretionary,0.010288,51.147,298000.0,51147.0,15241806000.0
8136,WLS,JT,,Consumer Discretionary,0.010175,208.157,7775.0,208157.0,1618420675.0
4755,WLS,JT,,Consumer Discretionary,0.008993,1431.919,999.0,1431919.0,1430487081.0
7453,WLS,JT,,Consumer Discretionary,0.008758,499.642,2788.0,499642.0,1393001896.0
7309,WLS,JT,,Consumer Discretionary,0.008386,76.348,17470.0,76348.0,1333799560.0
7259,WLS,JT,,Consumer Discretionary,0.007833,488.693,2549.5,488693.0,1245922803.5
5334,WLS,JT,,Consumer Discretionary,0.007023,186.743,5982.0,186743.0,1117096626.0
7202,WLS,JT,,Consumer Discretionary,0.006406,537.313,1896.5,537313.0,1019014104.5
9843,WLS,JT,,Consumer Discretionary,0.006306,406.995,2464.5,406995.0,1003039177.5
066570,WLS,KP,,Consumer Discretionary,0.004953,92.877,79000.0,92877.0,7337283000.0
005387,WLS,KP,,Consumer Discretionary,0.003861,33.964,168400.0,33964.0,5719537600.0
PPH,WLS,SJ,,Consumer Discretionary,0.003652,2502.415,2620.0,2502415.0,6556327300.0
MRP,WLS,SJ,,Consumer Discretionary,0.003039,243.42,22411.0,243420.0,5455285620.0
021240,WLS,KP,,Consumer Discretionary,0.002933,46.565,93300.0,46565.0,4344514500.0
WHL,WLS,SJ,,Consumer Discretionary,0.00257,862.321,5351.0,862321.0,4614279671.0
COPEC,WLS,CC,,Consumer Discretionary,0.002432,370.783,6490.0,370783.0,2406381670.0
005385,WLS,KP,,Consumer Discretionary,0.002389,21.372,165600.0,21372.0,3539203200.0
GOTO,WLS,IJ,,Consumer Discretionary,0.00234,749398.688,54.0,749398688.0,40467529152.0
TFG,WLS,SJ,,Consumer Discretionary,0.002079,319.425,11684.0,319425.0,3732161700.0
161390,WLS,KP,,Consumer Discretionary,0.001699,64.799,38850.0,64799.00000000001,2517441150.0000005
180640,WLS,KP,,Consumer Discretionary,0.001572,23.913,97400.0,23913.0,2329126200.0
TRU,WLS,SJ,,Consumer Discretionary,0.001259,394.608,5730.0,394608.0,2261103840.0
035250,WLS,KP,,Consumer Discretionary,0.001191,99.116,17800.0,99116.0,1764264800.0
008770,WLS,KP,,Consumer Discretionary,0.001089,32.35,49850.0,32350.0,1612647500.0
WBC,WLS,SJ,,Consumer Discretionary,0.001025,325.366,5658.0,325366.0,1840920828.0
MTH,WLS,SJ,,Consumer Discretionary,0.000925,155.82,10660.0,155820.0,1661041200.0
257720,WLS,KQ,,Consumer Discretionary,0.000906,29.004,46300.0,29004.0,1342885200.0
081660,WLS,KP,,Consumer Discretionary,0.000872,34.011,38000.0,34011.0,1292418000.0
ADH,WLS,SJ,,Consumer Discretionary,0.000862,452.685,3418.0,452685.0,1547277330.0
034230,WLS,KP,,Consumer Discretionary,0.00068,50.857,19800.0,50857.0,1006968600.0
MAPI,WLS,IJ,,Consumer Discretionary,0.000558,8073.613,1195.0,8073613.0,9647967535.0
MAPA,WLS,IJ,,Consumer Discretionary,0.000288,8749.979,570.0,8749979.0,4987488030.0
BUKA,WLS,IJ,,Consumer Discretionary,0.000282,28997.613,168.0,28997613.0,4871598984.0
SMSM,WLS,IJ,,Consumer Discretionary,0.000241,2386.095,1745.0,2386095.0,4163735775.0
ERAA,WLS,IJ,,Consumer Discretionary,0.000173,6935.383,432.0,6935383.0,2996085456.0
ACES,WLS,IJ,,Consumer Discretionary,0.000168,6816.413,426.0,6816413.0,2903791938.0
AUTO,WLS,IJ,,Consumer Discretionary,0.000103,727.78,2450.0,727780.0,1783061000.0
AZN,WLS,LN,,Health Care,0.245963,1498.859,12882.0,1498859.0,19308301638.0
NOVOB,WLS,DC,,Health Care,0.188977,3364.181,378.05,3364181.0,1271828627.05
GSK,WLS,LN,,Health Care,0.081117,3881.62,1640.5,3881620.0,6367797610.0
7741,WLS,JT,,Health Care,0.046955,342.993,21775.0,342993.0,7468672575.0
4568,WLS,JT,,Health Care,0.046549,1821.873,4064.0,1821873.0,7404091872.0
4502,WLS,JT,,Health Care,0.0391,1473.07,4222.0,1473070.0,6219301540.0
HLN,WLS,LN,,Health Care,0.039005,8984.653,340.8,8984653.0,3061969742.4
4519,WLS,JT,,Health Care,0.030055,639.205,7479.0,639205.0,4780614195.0
4543,WLS,JT,,Health Care,0.022153,1412.577,2494.5,1412577.0,3523673326.5
4578,WLS,JT,,Health Care,0.021453,420.915,8107.0,420915.0,3412357905.0
TEVA,WLS,IT,,Health Care,0.02133,1084.021,6681.0,1084021.0,7242344301.0
SUNP,WLS,IS,,Health Care,0.018224,1008.71,1670.9,1008710.0,1685453539.0
4503,WLS,JT,,Health Care,0.018192,1785.103,1621.0,1785103.0,2893651963.0
068270,WLS,KP,,Health Care,0.015758,134.476,173600.0,134476.0,23345033600.0
SN/,WLS,LN,,Health Care,0.015006,874.847,1346.5,874847.0,1177981485.5
4507,WLS,JT,,Health Care,0.013187,844.437,2484.0,844437.0,2097581508.0
7733,WLS,JT,,Health Care,0.013007,1117.696,1851.0,1117696.0,2068855296.0
196170,WLS,KQ,,Health Care,0.00929,29.854,461000.0,29854.0,13762694000.0
207940,WLS,KP,,Health Care,0.009091,13.282,1014000.0,13282.0,13467948000.0
4523,WLS,JT,,Health Care,0.007852,270.864,4611.0,270864.0,1248953904.0
087010,WLS,KQ,,Health Care,0.004233,21.296,294500.0,21296.0,6271672000.0
RICHT,WLS,HB,,Health Care,0.004149,139.322,10480.0,139322.0,1460094560.0
000100,WLS,KP,,Health Care,0.003967,48.692,120700.0,48692.0,5877124400.0
028300,WLS,KQ,,Health Care,0.003036,121.556,37000.0,121556.0,4497572000.0
141080,WLS,KQ,,Health Care,0.002401,23.618,150600.0,23618.0,3556870800.0
298380,WLS,KQ,,Health Care,0.002253,35.546,93900.0,35546.0,3337769400.0
000250,WLS,KQ,,Health Care,0.002149,15.235,209000.0,15235.0,3184115000.0
214450,WLS,KQ,,Health Care,0.002089,5.711,542000.0,5711.0,3095362000.0
APN,WLS,SJ,,Health Care,0.00189,343.77,9871.0,343770.0,3393353670.0
326030,WLS,KP,,Health Care,0.001598,22.782,103900.0,22782.0,2367049800.0
310210,WLS,KQ,,Health Care,0.00123,10.862,167800.0,10862.0,1822643600.0
128940,WLS,KP,,Health Care,0.001153,4.819,354500.0,4819.0,1708335500.0
KLBF,WLS,IJ,,Health Care,0.001132,18051.082,1085.0,18051082.0,19585423970.0
347850,WLS,KQ,,Health Care,0.001097,8.148,199500.0,8148.0,1625526000.0
226950,WLS,KQ,,Health Care,0.001049,16.143,96300.0,16143.0,1554570900.0
039200,WLS,KQ,,Health Care,0.001024,33.474,45300.0,33474.0,1516372200.0
140410,WLS,KQ,,Health Care,0.000988,21.304,68700.0,21304.0,1463584800.0
NTC,WLS,SJ,,Health Care,0.000957,1191.598,1442.0,1191598.0,1718284316.0
145020,WLS,KQ,,Health Care,0.000943,5.078,275000.0,5078.0,1396450000.0
LHC,WLS,SJ,,Health Care,0.000896,1332.018,1207.0,1332018.0,1607745726.0
302440,WLS,KP,,Health Care,0.000798,25.673,46050.0,25673.0,1182241650.0
214150,WLS,KQ,,Health Care,0.000777,23.591,48800.0,23591.0,1151240800.0
237690,WLS,KQ,,Health Care,0.000758,12.441,90300.0,12441.0,1123422300.0
068760,WLS,KQ,,Health Care,0.000747,20.568,53800.0,20568.0,1106558400.0
007390,WLS,KQ,,Health Care,0.000737,53.118,20550.0,53118.0,1091574900.0
009420,WLS,KP,,Health Care,0.000693,29.393,34950.0,29393.0,1027285350.0
MIKA,WLS,IJ,,Health Care,0.000691,4796.499,2490.0,4796499.0,11943282510.0
358570,WLS,KQ,,Health Care,0.000687,51.538,19760.0,51538.0,1018390880.0
HEAL,WLS,IJ,,Health Care,0.000439,4790.201,1585.0,4790201.0,7592468585.0
CARE,WLS,IJ,,Health Care,0.000257,14806.592,300.0,14806592.0,4441977600.0
TSPC,WLS,IJ,,Health Care,6.6e-05,461.438,2460.0,461438.0,1135137480.0
META,WLS,UW,,Communication Services,1.526242,2169.106,733.51,2169106.0,1591060942.06
GOOGL,WLS,UW,,Communication Services,1.343088,5796.911,241.53,5796911.0,1400127913.83
GOOG,WLS,UW,,Communication Services,1.081069,4652.91,242.21,4652910.0,1126981331.1000001
700,WLS,HK,,Communication Services,0.489067,6089.795,651.5,6089795.0,3967501442.5
9984,WLS,JT,,Communication Services,0.134131,959.086,22245.0,959086.0,21334868070.0
7974,WLS,JT,,Communication Services,0.089895,1154.518,12385.0,1154518.0,14298705430.0
BHARTI,WLS,IS,,Communication Services,0.055454,2643.763,1939.9,2643763.0,5128635843.7
9432,WLS,JT,,Communication Services,0.048761,50758.684,152.8,50758684.0,7755926915.200001
9433,WLS,JT,,Communication Services,0.044458,3003.387,2354.5,3003387.0,7071474691.5
9434,WLS,JT,,Communication Services,0.037952,28090.701,214.9,28090701.0,6036691644.900001
VOD,WLS,LN,,Communication Services,0.022237,20194.363,86.44,20194363.0,1745600737.72
035420,WLS,KP,,Communication Services,0.020645,114.338,267500.0,114338.0,30585415000.0
BT/A,WLS,LN,,Communication Services,0.019717,8364.307,185.05,8364307.000000001,1547815010.3500004
INF,WLS,LN,,Communication Services,0.015426,1301.583,930.4,1301583.0,1210992823.2
MTN,WLS,SJ,,Communication Services,0.01396,1624.154,15431.0,1624154.0,25062320374.0
9766,WLS,JT,,Communication Services,0.013395,95.393,22335.0,95393.0,2130602655.0
035720,WLS,KP,,Communication Services,0.01162,277.217,62100.0,277217.0,17215175700.0
9697,WLS,JT,,Communication Services,0.008879,330.358,4275.0,330358.0,1412280450.0
TLKM,WLS,IJ,,Communication Services,0.008327,47373.012,3040.0,47373012.0,144013956480.0
3659,WLS,JT,,Communication Services,0.007956,388.085,3261.0,388085.0,1265545185.0
4689,WLS,JT,,Communication Services,0.007615,2623.474,461.7,2623474.0,1211257945.8
030200,WLS,KP,,Communication Services,0.00665,197.625,49850.0,197625.0,9851606250.0
9602,WLS,JT,,Communication Services,0.006319,102.913,9767.0,102913.0,1005151271.0
259960,WLS,KP,,Communication Services,0.006193,30.382,302000.0,30382.0,9175364000.0
VOD,WLS,SJ,,Communication Services,0.004452,586.684,13625.0,586684.0,7993569500.0
017670,WLS,KP,,Communication Services,0.004281,116.152,54600.0,116152.0,6341899200.0
BEZQ,WLS,IT,,Communication Services,0.003921,1981.432,671.9,1981432.0,1331324160.8
ZAIN,WLS,KK,,Communication Services,0.003617,2234.883,518.0,2234883.0,1157669394.0
352820,WLS,KP,,Communication Services,0.003386,18.408,272500.0,18408.0,5016180000.0
032640,WLS,KP,,Communication Services,0.00234,228.524,15170.0,228524.0,3466709080.0
036570,WLS,KP,,Communication Services,0.001927,13.157,217000.0,13157.0,2855069000.0
EMTK,WLS,IJ,,Communication Services,0.001897,23026.916,1425.0,23026916.0,32813355300.0
EXCL,WLS,IJ,,Communication Services,0.001683,10780.688,2700.0,10780688.0,29107857600.0
MCG,WLS,SJ,,Communication Services,0.001495,225.664,11896.0,225664.0,2684498944.0
035900,WLS,KQ,,Communication Services,0.001303,25.703,75100.0,25703.0,1930295300.0
FILM,WLS,IJ,,Communication Services,0.00119,4819.146,4270.0,4819146.0,20577753420.0
WIFI,WLS,IJ,,Communication Services,0.000907,3993.498,3930.0,3993498.0,15694447140.0
041510,WLS,KQ,,Communication Services,0.000906,10.625,126300.0,10625.0,1341937500.0
TKG,WLS,SJ,,Communication Services,0.000828,273.433,5437.0,273433.0,1486655221.0
TOWR,WLS,IJ,,Communication Services,0.000815,26840.912,525.0,26840912.0,14091478800.0
251270,WLS,KP,,Communication Services,0.000805,20.552,58000.0,20552.0,1192016000.0
030000,WLS,KP,,Communication Services,0.000791,57.439,20400.0,57439.0,1171755600.0
263750,WLS,KQ,,Communication Services,0.000709,29.672,35400.0,29672.0,1050388800.0
122870,WLS,KQ,,Communication Services,0.000701,10.434,99600.0,10434.0,1039226400.0
ISAT,WLS,IJ,,Communication Services,0.000587,5215.152,1945.0,5215152.0,10143470640.0
MTEL,WLS,IJ,,Communication Services,0.000544,16492.447,570.0,16492447.0,9400694790.0
SCMA,WLS,IJ,,Communication Services,0.000293,11355.854,446.0,11355854.0,5064710884.0
MSIN,WLS,IJ,,Communication Services,0.000258,8036.177,555.0,8036177.0,4460078235.0
ULVR,WLS,LN,,Consumer Staples,0.135125,2365.628,4484.0,2365628.0,10607475952.0
BATS,WLS,LN,,Consumer Staples,0.106935,2188.341,3836.0,2188341.0,8394476076.0
DGE,WLS,LN,,Consumer Staples,0.051383,2224.842,1813.0,2224842.0,4033638546.0
RKT,WLS,LN,,Consumer Staples,0.04963,678.978,5738.0,678978.0,3895975764.0
TSCO,WLS,LN,,Consumer Staples,0.03737,6551.031,447.8,6551031.0,2933551681.8
2914,WLS,JT,,Consumer Staples,0.033723,1093.798,4904.0,1093798.0,5363985392.0
IMB,WLS,LN,,Consumer Staples,0.032122,810.284,3112.0,810284.0,2521603808.0
ITC,WLS,IS,,Consumer Staples,0.030811,7074.274,402.8,7074274.0,2849517567.2000003
8267,WLS,JT,,Consumer Staples,0.02722,2365.914,1830.0,2365914.0,4329622620.0
3382,WLS,JT,,Consumer Staples,0.026171,2178.318,1911.0,2178318.0,4162765698.0
2802,WLS,JT,,Consumer Staples,0.025376,966.547,4176.0,966547.0,4036300272.0
HUVR,WLS,IS,,Consumer Staples,0.020616,753.955,2528.8999,753955.0,1906676724.1044998
4452,WLS,JT,,Consumer Staples,0.018012,460.54,6221.0,460540.0,2865019340.0
2502,WLS,JT,,Consumer Staples,0.016228,1467.467,1759.0,1467467.0,2581274453.0
2503,WLS,JT,,Consumer Staples,0.010911,806.265,2152.5,806265.0,1735485412.5
DMART,WLS,IS,,Consumer Staples,0.010863,232.529,4320.3999,232529.0,1004618268.3471001
SHP,WLS,SJ,,Consumer Staples,0.008333,524.517,28523.0,524517.0,14960798391.0
BID,WLS,SJ,,Consumer Staples,0.008126,329.918,44217.0,329918.0,14587984206.0
033780,WLS,KP,,Consumer Staples,0.007398,81.066,135200.0,81066.0,10960123200.0
8113,WLS,JT,,Consumer Staples,0.007142,1162.512,977.2,1162512.0,1136006726.4
4911,WLS,JT,,Consumer Staples,0.006512,396.799,2610.5,396799.0,1035843789.5
CLS,WLS,SJ,,Consumer Staples,0.004694,231.489,36401.0,231489.0,8426431089.0
278470,WLS,KP,,Consumer Staples,0.003782,21.799,257000.0,21799.0,5602343000.0
003230,WLS,KP,,Consumer Staples,0.003443,3.508,1454000.0,3508.0,5100632000.0
CENCOSUD,WLS,CC,,Consumer Staples,0.003073,1117.723,2719.8999,1117723.0,3040094675.9277
TBS,WLS,SJ,,Consumer Staples,0.002951,160.286,33052.0,160286.0,5297772872.0
271560,WLS,KP,,Consumer Staples,0.00238,33.579,105000.0,33579.0,3525795000.0
090430,WLS,KP,,Consumer Staples,0.002069,25.588,119800.0,25588.0,3065442400.0
CPIN,WLS,IJ,,Consumer Staples,0.001994,7291.615,4730.0,7291615.0,34489338950.0
BOX,WLS,SJ,,Consumer Staples,0.001867,450.325,7444.0,450325.0,3352219300.0
AVI,WLS,SJ,,Consumer Staples,0.00183,327.19,10043.0,327190.0,3285969170.0
INDF,WLS,IJ,,Consumer Staples,0.001825,4382.943,7200.0,4382943.0,31557189600.0
AMRT,WLS,IJ,,Consumer Staples,0.001786,15923.305,1940.0,15923305.0,30891211700.0
051900,WLS,KP,,Consumer Staples,0.00155,7.945,289000.0,7945.0,2296105000.0
ANDINAB,WLS,CC,,Consumer Staples,0.001486,402.652,3650.1001,402652.0,1469720105.4652
ICBP,WLS,IJ,,Consumer Staples,0.001162,2270.23,8850.0,2270230.0,20091535500.0
SPP,WLS,SJ,,Consumer Staples,0.00113,187.812,10805.0,187812.0,2029308660.0
DCP,WLS,SJ,,Consumer Staples,0.001005,534.755,3374.0,534755.0,1804263370.0
097950,WLS,KP,,Consumer Staples,0.000996,6.304,234000.0,6304.0,1475136000.0
192820,WLS,KP,,Consumer Staples,0.000921,6.671,204500.0,6671.0,1364219500.0
PMR,WLS,SJ,,Consumer Staples,0.000911,107.88,15160.0,107880.0,1635460800.0
PIK,WLS,SJ,,Consumer Staples,0.000877,527.074,2987.0,527074.0,1574370038.0
004370,WLS,KP,,Consumer Staples,0.00081,2.691,446000.0,2691.0,1200186000.0
139480,WLS,KP,,Consumer Staples,0.000759,15.238,73800.0,15238.0,1124564400.0
026960,WLS,KP,,Consumer Staples,0.000685,38.742,26200.0,38742.0,1015040400.0
UNVR,WLS,IJ,,Consumer Staples,0.000629,5725.612,1900.0,5725612.0,10878662800.0
JPFA,WLS,IJ,,Consumer Staples,0.000615,5061.779,2100.0,5061779.0,10629735900.0
JARR,WLS,IJ,,Consumer Staples,0.000529,1228.95,7450.0,1228950.0,9155677500.0
MYOR,WLS,IJ,,Consumer Staples,0.000427,3434.068,2150.0,3434068.0,7383246200.0
CMRY,WLS,IJ,,Consumer Staples,0.000411,1529.461,4650.0,1529461.0,7111993650.0
TAPG,WLS,IJ,,Consumer Staples,0.000372,3345.556,1925.0,3345556.0,6440195300.0
GGRM,WLS,IJ,,Consumer Staples,0.000307,457.552,11600.0,457552.0,5307603200.0
DSNG,WLS,IJ,,Consumer Staples,0.00027,2604.075,1790.0,2604075.0,4661294250.0
SSMS,WLS,IJ,,Consumer Staples,0.000249,2522.83,1705.0,2522830.0,4301425150.0
STAA,WLS,IJ,,Consumer Staples,0.000231,2761.639,1445.0,2761639.0,3990568355.0
NSSS,WLS,IJ,,Consumer Staples,0.000209,6706.961,540.0,6706961.0,3621758940.0
LSIP,WLS,IJ,,Consumer Staples,0.000206,2750.857,1295.0,2750857.0,3562359815.0
SIDO,WLS,IJ,,Consumer Staples,0.000204,6707.518,525.0,6707518.0,3521446950.0
AALI,WLS,IJ,,Consumer Staples,0.000176,391.006,7800.0,391006.0,3049846800.0
MIDI,WLS,IJ,,Consumer Staples,0.000175,7435.362,408.0,7435362.0,3033627696.0
CLEO,WLS,IJ,,Consumer Staples,0.000157,5219.577,520.0,5219577.0,2714180040.0
SIMP,WLS,IJ,,Consumer Staples,9.4e-05,2713.644,600.0,2713644.0,1628186400.0
RIO,WLS,LN,,Materials,0.069209,1071.174,5072.0,1071174.0,5432994528.0
4063,WLS,JT,,Materials,0.058246,1845.536,5020.0,1845536.0,9264590720.0
GLEN,WLS,LN,,Materials,0.048299,10695.437,354.5,10695437.0,3791532416.5
AAL,WLS,LN,,Materials,0.044148,1175.589,2948.0,1175589.0,3465636372.0
GFI,WLS,SJ,,Materials,0.033113,865.277,68705.0,865277.0,59448856285.0
ANG,WLS,SJ,,Materials,0.032825,483.248,121949.0,483248.0,58931610352.0
5401,WLS,JT,,Materials,0.018276,4849.08,599.5,4849080.0,2907023460.0
6988,WLS,JT,,Materials,0.01633,675.89,3843.0,675890.0,2597445270.0
UTCEM,WLS,IS,,Materials,0.014822,111.619,12281.0,111619.0,1370792939.0
VAL,WLS,SJ,,Materials,0.014246,222.39,115004.0,222390.0,25575739560.0
TATA,WLS,IS,,Materials,0.013863,7374.158,173.86,7374158.0,1282071109.88
APNT,WLS,IS,,Materials,0.011882,469.564,2340.2,469564.0,1098873672.8
005490,WLS,KP,,Materials,0.011777,66.339,263000.0,66339.0,17447157000.0
HNDL,WLS,IS,,Materials,0.010954,1308.924,773.95,1308924.0,1013041729.8000001
IMP,WLS,SJ,,Materials,0.010502,887.28,21250.0,887280.0,18854700000.0
TPIA,WLS,IJ,,Materials,0.010407,22219.727,8100.0,22219727.0,179979788700.0
3407,WLS,JT,,Materials,0.009467,1270.698,1185.0,1270698.0,1505777130.0
3402,WLS,JT,,Materials,0.008584,1445.054,944.9,1445054.0,1365431524.6
5713,WLS,JT,,Materials,0.007664,242.939,5018.0,242939.0,1219067902.0
051910,WLS,KP,,Materials,0.007557,40.128,279000.0,40128.0,11195712000.0
5016,WLS,JT,,Materials,0.007069,534.934,2102.0,534934.0,1124431268.0
4188,WLS,JT,,Materials,0.006885,1332.121,822.1,1332121.0,1095136674.1000001
5411,WLS,JT,,Materials,0.006664,594.988,1781.5,594988.0,1059971122.0
HAR,WLS,SJ,,Materials,0.006555,374.873,31392.0,374873.0,11768013216.0
BRPT,WLS,IJ,,Materials,0.006554,26481.441,4280.0,26481441.0,113340567480.0
4004,WLS,JT,,Materials,0.006528,177.833,5839.0,177833.0,1038366887.0
NPH,WLS,SJ,,Materials,0.006171,388.444,28521.0,388444.0,11078811324.0
AMMN,WLS,IJ,,Materials,0.005532,12928.913,7400.0,12928913.0,95673956200.0
ICL,WLS,IT,,Materials,0.004643,723.117,2180.0,723117.0,1576395060.0
SSW,WLS,SJ,,Materials,0.004468,1673.227,4794.0,1673227.0,8021450238.0
010130,WLS,KP,,Materials,0.00433,6.648,965000.0,6648.0,6415320000.0
SQM/B,WLS,CC,,Materials,0.003477,82.98,41448.0,82980.0,3439355040.0
BRMS,WLS,IJ,,Materials,0.003264,60061.156,940.0,60061156.0,56457486640.0
SOL,WLS,SJ,,Materials,0.003217,571.288,10109.0,571288.0,5775150392.0
009830,WLS,KP,,Materials,0.001779,93.454,28200.0,93454.0,2635402800.0
MDKA,WLS,IJ,,Materials,0.001661,12123.173,2370.0,12123173.0,28731920010.0
ANTM,WLS,IJ,,Materials,0.001607,8398.252,3310.0,8398252.0,27798214120.0
CEMARGOS,WLS,CX,,Materials,0.001594,616.456,10480.0,616456.0,6460458880.0
004020,WLS,KP,,Materials,0.001529,69.582,32550.0,69582.0,2264894100.0
CMPC,WLS,CC,,Materials,0.00148,1143.762,1280.0,1143762.0,1464015360.0
GRUPOARG,WLS,CX,,Materials,0.001432,327.816,17700.0,327816.0,5802343200.0
002380,WLS,KP,,Materials,0.001309,5.043,384500.0,5043.0,1939033500.0
103140,WLS,KP,,Materials,0.001208,14.321,125000.0,14321.0,1790125000.0
011790,WLS,KP,,Materials,0.00117,16.647,104100.0,16647.0,1732952700.0
014680,WLS,KP,,Materials,0.001164,7.733,223000.0,7733.0,1724459000.0
ARI,WLS,SJ,,Materials,0.001142,110.931,18484.0,110931.0,2050448604.0
DRD,WLS,SJ,,Materials,0.001138,415.622,4916.0,415622.0,2043197752.0
MBMA,WLS,IJ,,Materials,0.001124,30861.813,630.0,30861813.0,19442942190.0
INKP,WLS,IJ,,Materials,0.001038,2287.223,7850.0,2287223.0,17954700550.0
005290,WLS,KQ,,Materials,0.001031,32.604,46850.0,32604.0,1527497400.0
PTRO,WLS,IJ,,Materials,0.000987,2412.567,7075.0,2412567.0,17068911525.0
KIO,WLS,SJ,,Materials,0.000967,55.08,31522.0,55080.0,1736231760.0
011780,WLS,KP,,Materials,0.000801,10.932,108600.0,10932.0,1187215200.0
348370,WLS,KQ,,Materials,0.000788,17.111,68200.0,17111.0,1166970200.0
357780,WLS,KQ,,Materials,0.000787,4.039,288500.0,4038.9999999999995,1165251499.9999998
051915,WLS,KP,,Materials,0.000732,7.673,141400.0,7673.0,1084962200.0
010060,WLS,KP,,Materials,0.000713,12.209,86500.0,12209.0,1056078500.0
SAP,WLS,SJ,,Materials,0.000664,554.289,2150.0,554289.0,1191721350.0
OMN,WLS,SJ,,Materials,0.000603,144.776,7473.0,144776.0,1081911048.0
NCKL,WLS,IJ,,Materials,0.0006,9055.601,1145.0,9055601.0,10368663145.0
PFGRUPOA,WLS,CX,,Materials,0.000562,199.781,11400.0,199781.0,2277503400.0
INCO,WLS,IJ,,Materials,0.000557,2120.626,4540.0,2120626.0,9627642040.0
SMGR,WLS,IJ,,Materials,0.000491,3276.497,2590.0,3276497.0,8486127230.0
INTP,WLS,IJ,,Materials,0.000465,1306.864,6150.0,1306864.0,8037213600.0
TKIM,WLS,IJ,,Materials,0.000452,1089.487,7175.0,1089487.0,7817069225.0
DEWA,WLS,IJ,,Materials,0.000429,20862.002,356.0,20862002.0,7426872712.0
ADMR,WLS,IJ,,Materials,0.000406,5122.216,1370.0,5122216.0,7017435920.0
TINS,WLS,IJ,,Materials,0.000358,2152.481,2880.0,2152481.0,6199145280.0
AVIA,WLS,IJ,,Materials,0.000343,13874.125,428.0,13874125.0,5938125500.0
NICL,WLS,IJ,,Materials,0.000189,2932.711,1115.0,2932711.0,3269972765.0
ESSA,WLS,IJ,,Materials,0.000185,4634.505,690.0,4634505.0,3197808450.0
CMNT,WLS,IJ,,Materials,9.1e-05,2062.6,765.0,2062600.0,1577889000.0
SHEL,WLS,LN,,Energy,0.206573,5880.751,2757.5,5880751.0,16216170882.5
RELIANCE,WLS,IS,,Energy,0.089154,5967.541,1381.7,5967541.0,8245351399.7
BP/,WLS,LN,,Energy,0.08007,14588.752,430.85,14588752.0,6285563799.200001
5020,WLS,JT,,Energy,0.015291,2621.233,927.9,2621233.0,2432242100.7
1605,WLS,JT,,Energy,0.014653,871.265,2675.0,871265.0,2330633875.0
DSSA,WLS,IJ,,Energy,0.009655,1573.762,106100.0,1573762.0,166976148200.0
MOL,WLS,HB,,Energy,0.003786,483.504,2756.0,483504.0,1332537024.0
267250,WLS,KP,,Energy,0.003747,35.133,158000.0,35133.0,5551014000.0
096770,WLS,KP,,Energy,0.003711,53.37,103000.0,53370.0,5497110000.0
CUAN,WLS,IJ,,Energy,0.002371,16873.758,2430.0,16873758.0,41003231940.0
EXX,WLS,SJ,,Energy,0.002213,230.039,17269.0,230039.0,3972543491.0
UNTR,WLS,IJ,,Energy,0.00209,1412.025,25600.0,1412025.0,36147840000.0
ECOPETL,WLS,CX,,Energy,0.001536,3545.362,1755.0,3545362.0,6222110310.0
010950,WLS,KP,,Energy,0.001483,32.891,66800.0,32891.0,2197118800.0
AADI,WLS,IJ,,Energy,0.001306,2932.946,7700.0,2932946.0,22583684200.0
BUMI,WLS,IJ,,Energy,0.001201,150484.328,138.0,150484328.0,20766837264.0
ENRG,WLS,IJ,,Energy,0.001029,18541.66,960.0,18541660.0,17799993600.0
ADRO,WLS,IJ,,Energy,0.000907,8962.556,1750.0,8962556.0,15684473000.0
TGA,WLS,SJ,,Energy,0.000616,129.307,8558.0,129306.99999999999,1106609305.9999998
PTBA,WLS,IJ,,Energy,0.000539,3918.288,2380.0,3918288.0,9325525440.0
ITMG,WLS,IJ,,Energy,0.000517,392.468,22775.0,392468.0,8938458700.0
RATU,WLS,IJ,,Energy,0.00047,814.563,9975.0,814563.0,8125265925.0
MEDC,WLS,IJ,,Energy,0.000456,5290.876,1490.0,5290876.0,7883405240.0
AKRA,WLS,IJ,,Energy,0.000419,6561.704,1105.0,6561704.0,7250682920.0
RAJA,WLS,IJ,,Energy,0.000261,794.863,5675.0,794863.0,4510847525.0
INDY,WLS,IJ,,Energy,0.000191,1486.572,2220.0,1486572.0,3300189840.0
HRUM,WLS,IJ,,Energy,0.000167,2351.352,1230.0,2351352.0,2892162960.0
TOBA,WLS,IJ,,Energy,0.000143,1822.233,1355.0,1822233.0,2469125715.0
ABMM,WLS,IJ,,Energy,6.7e-05,417.863,2780.0,417863.0,1161659140.0
NG/,WLS,LN,,Utilities,0.067945,4848.837,1100.0,4848837.0,5333720700.0
SSE,WLS,LN,,Utilities,0.025688,1106.143,1823.0,1106143.0,2016498689.0
NTPC,WLS,IS,,Utilities,0.015109,4113.475,339.7,4113475.0000000005,1397347457.5
PWGR,WLS,IS,,Utilities,0.012653,4047.079,289.15,4047079.0,1170212892.85
9503,WLS,JT,,Utilities,0.01264,915.137,2197.0,915137.0,2010555989.0
9531,WLS,JT,,Utilities,0.011223,339.304,5261.0,339304.0,1785078344.0
9532,WLS,JT,,Utilities,0.009955,381.108,4155.0,381108.0,1583503740.0
9502,WLS,JT,,Utilities,0.009467,731.552,2058.5,731552.0,1505899792.0
BREN,WLS,IJ,,Utilities,0.008856,15549.954,9850.0,15549954.0,153167046900.0
9501,WLS,JT,,Utilities,0.007156,1490.839,763.5,1490839.0,1138255576.5
015760,WLS,KP,,Utilities,0.006095,252.563,35750.0,252563.0,9029127250.0
ENLT,WLS,IT,,Utilities,0.003583,108.605,11200.0,108605.0,1216376000.0
ISA,WLS,CX,,Utilities,0.002507,438.623,23160.0,438623.0,10158508680.0
ENELCHIL,WLS,CC,,Utilities,0.001802,24832.393,71.8,24832393.0,1782965817.3999999
ENELAM,WLS,CC,,Utilities,0.001727,19006.521,89.9,19006521.0,1708686237.9
COLBUN,WLS,CC,,Utilities,0.001038,6826.313,150.48,6826313.0,1027223580.2399999
PGAS,WLS,IJ,,Utilities,0.001028,10426.064,1705.0,10426064.0,17776439120.0
036460,WLS,KP,,Utilities,0.000953,36.447,38750.0,36447.0,1412321250.0
PGEO,WLS,IJ,,Utilities,0.000359,4252.411,1460.0,4252411.0,6208520060.0
POWR,WLS,IJ,,Utilities,8.7e-05,2147.414,700.0,2147414.0,1503189800.0
8801,WLS,JT,,Real Estate,0.026374,2598.386,1614.5,2598386.0,4195094197.0
8802,WLS,JT,,Real Estate,0.023362,1122.307,3311.0,1122307.0,3715958477.0
1925,WLS,JT,,Real Estate,0.0186,575.487,5141.0,575487.0,2958578667.0
8830,WLS,JT,,Real Estate,0.013096,315.289,6607.0,315289.0,2083114423.0
8951,WLS,JT,,Real Estate,0.007254,8.361,138000.0,8361.0,1153818000.0
AZRG,WLS,IT,,Real Estate,0.00373,36.544,34660.0,36544.0,1266615040.0
GRT,WLS,SJ,,Real Estate,0.002856,3257.969,1574.0,3257969.0,5128043206.0
MALLPLAZ,WLS,CC,,Real Estate,0.002493,976.69,2525.0,976690.0,2466142250.0
RDF,WLS,SJ,,Real Estate,0.001896,6497.141,524.0,6497141.0,3404501884.0
PARAUCO,WLS,CC,,Real Estate,0.001568,668.422,2321.0,668422.0,1551407462.0
PANI,WLS,IJ,,Real Estate,0.001452,1702.345,14750.0,1702345.0,25109588750.0
VKE,WLS,SJ,,Real Estate,0.001373,1061.321,2322.0,1061321.0,2464387362.0
CBDK,WLS,IJ,,Real Estate,0.001255,3066.895,7075.0,3066895.0,21698282125.0
FFB,WLS,SJ,,Real Estate,0.001232,938.877,2356.0,938877.0,2211994212.0
RES,WLS,SJ,,Real Estate,0.001107,293.154,6779.0,293154.0,1987290966.0
HYP,WLS,SJ,,Real Estate,0.000984,376.81,4687.0,376810.0,1766108470.0
EQU,WLS,SJ,,Real Estate,0.000682,746.583,1640.0,746583.0,1224396120.0
KPIG,WLS,IJ,,Real Estate,0.000586,62178.938,163.0,62178938.0,10135166894.0
CTRA,WLS,IJ,,Real Estate,0.000412,7964.867,895.0,7964867.0,7128555965.0
BSDE,WLS,IJ,,Real Estate,0.000382,6300.076,1050.0,6300076.0,6615079800.0
PWON,WLS,IJ,,Real Estate,0.000317,15070.265,364.0,15070265.0,5485576460.0
SMRA,WLS,IJ,,Real Estate,0.000226,9702.921,402.0,9702921.0,3900574242.0
BKSL,WLS,IJ,,Real Estate,0.000186,21638.336,149.0,21638336.0,3224112064.0
LPKR,WLS,IJ,,Real Estate,0.000184,31853.186,100.0,31853186.0,3185318600.0
DMAS,WLS,IJ,,Real Estate,6.6e-05,8495.361,135.0,8495361.0,1146873735.0
